S,B,latency_s,memory_bytes,energy_j,oom,is_validation
32,1,0.00019789603538811207,37785600,0.019199644981417806,0,0
32,2,0.00021471013315021992,37855232,0.011526011688613585,0,0
32,4,0.00022085406817495823,37994496,0.011692697256867012,0,0
32,8,0.00022304593585431576,38273024,0.011808056440056218,0,0
32,16,0.00021697813645005226,38830080,0.011649674902902916,0,0
32,32,0.00022930093109607697,39944192,0.012402094595049594,0,0
32,64,0.0002507308963686228,42172416,0.014809847430156713,0,0
32,128,0.0003455469850450754,46628864,0.020758660592900758,0,0
32,256,0.00047011696733534336,56328192,0.028707515862347047,0,0
32,139,0.00034069898538291454,47394816,0.020431491876613687,0,1
32,133,0.00033931899815797806,46977024,0.020351994756058873,0,1
32,111,0.000261971028521657,45445120,0.017570139245384118,0,1
64,1,0.00020171888172626495,37994496,0.012783470430199733,0,0
64,2,0.00021990505047142506,38273024,0.013973362856586886,0,0
64,4,0.0002285088412463665,38830080,0.014645092670424758,0,0
64,8,0.00022756820544600487,39944192,0.014864016100298612,0,0
64,16,0.0002665040083229542,42172416,0.01790328921932219,0,0
64,32,0.000357386888936162,46628864,0.02589417730570455,0,0
64,64,0.00047208298929035664,56328192,0.035966214768165215,0,0
64,128,0.0006689669098705053,128098304,0.05087286880392243,0,0
64,256,0.0011334449518471956,218275840,0.10118269480798733,0,0
64,139,0.0006918748840689659,135847936,0.060615084112367844,0,1
64,133,0.0006777150556445122,131620864,0.059530893451110886,0,1
64,111,0.0006530089303851128,68763648,0.07044321390355683,0,1
128,1,0.0002055540680885315,38830080,0.020267103965902193,0,0
128,2,0.00022117188200354576,39944192,0.022432001649444415,0,0
128,4,0.0002501318231225014,42172416,0.025843886316711594,0,0
128,8,0.0003283880650997162,46628864,0.03446869468316436,0,0
128,16,0.00045701395720243454,56328192,0.04907043175348504,0,0
128,32,0.0007474410813301802,161447936,0.0878671159635044,0,0
128,64,0.0012884719762951136,214081536,0.15291863638412376,0,0
128,128,0.0024039491545408964,390242304,0.33089138857173644,0,0
128,256,0.004455904942005873,742563840,0.8175229295922062,0,0
128,139,0.0024525001645088196,420913152,0.5007058647724546,0,1
128,133,0.002402014099061489,404791296,0.5387844362699172,0,1
128,111,0.0016881211195141077,344621056,0.40232730659715493,0,1
224,1,0.00020758714526891708,41127936,0.04558840610704978,0,0
224,2,0.0002504189033061266,44539904,0.05678611712750386,0,0
224,4,0.0003343189600855112,51363840,0.07611838519971141,0,0
224,8,0.0005616839043796062,65961984,0.1318458744720556,0,0
224,16,0.0008783440571278334,92307456,0.21856645921530962,0,0
224,32,0.001419811975210905,147947520,0.3560635100371543,0,0
224,64,0.002764063188806176,257130496,0.7191032209812493,0,0
224,128,0.00524427299387753,476020736,1.4877589139458722,0,0
224,256,0.010178253054618835,912228352,3.0884369973575017,0,0
224,139,0.005852108122780919,512999424,1.8768638511541382,0,1
224,133,0.005733774043619633,492048384,1.9326731264578518,0,1
224,111,0.004817261127755046,416751616,1.648214131345126,0,1
256,1,0.0002273980062454939,42172416,0.07258881241531873,0,0
256,2,0.00032626790925860405,46628864,0.10575107901763509,0,0
256,4,0.00045099598355591297,56328192,0.1491712623896416,0,0
256,8,0.0007182839326560497,73367552,0.24089763208385556,0,0
256,16,0.0012573928106576204,109019136,0.4048825733284678,0,0
256,32,0.0022241058759391308,180322304,0.706871585713459,0,0
256,64,0.0039504291489720345,322928640,1.2108842046326027,0,0
256,128,0.006920847808942199,608141312,2.1232856284202586,0,0
256,256,0.013035839889198542,1178566656,4.018396410869942,0,0
256,139,0.007347848964855075,658735104,2.4844328413712793,0,1
256,133,0.007237148936837912,631734272,2.4667814126461742,0,1
256,111,0.005695251049473882,534740992,1.9268151734725107,0,1
384,1,0.0003170620184391737,47742976,0.10173856732388957,0,0
384,2,0.0004572609905153513,57769984,0.14691318272803486,0,0
384,4,0.0007619380485266447,77824000,0.24916367027252403,0,0
384,8,0.0014233749825507402,117932032,0.47002101636042987,0,0
384,16,0.0023284750059247017,199196672,0.7480701916446401,0,0
384,32,0.004318163963034749,358580224,1.338627108065242,0,0
384,64,0.00782704004086554,679444480,2.416504127987216,0,0
384,128,0.014886319870129228,1321172992,4.769280792722711,0,0
384,256,0.029446315951645374,2604630016,10.228431981603467,0,0
384,139,0.016070181038230658,1431994368,5.5497902896379285,0,1
384,133,0.015465879114344716,1372487680,5.391267531758174,0,1
384,111,0.013000352075323462,1152221184,4.517247982790525,0,1
512,1,0.000431600958108902,56328192,0.14481658770501699,0,0
512,2,0.0007146359421312809,73367552,0.2377271686733531,0,0
512,4,0.0012722080573439598,109019136,0.4257337098031051,0,0
512,8,0.0022294640075415373,180322304,0.7334534521386323,0,0
512,16,0.003947078948840499,322928640,1.260121096905956,0,0
512,32,0.006935278885066509,608141312,2.1959195727429095,0,0
512,64,0.013041174970567226,1178566656,4.1398674166902305,0,0
512,128,0.026100966846570373,2319417344,9.010074724388584,0,0
512,256,0.052031120052561164,4601118720,18.103153319358828,0,0
512,139,0.028327283915132284,2516549632,9.867099734751001,0,1
512,133,0.02732132002711296,2409594880,9.516427696425447,0,1
512,111,0.022741893073543906,2017427456,7.883261165439618,0,1
304,1,0.0002395128831267357,44000256,0.07786971186209385,0,1
304,2,0.0003416470717638731,50284544,0.1125151103617073,0,1
304,4,0.0005531709175556898,62853120,0.18549782859840935,0,1
304,8,0.0008820889052003622,88743936,0.2929709198098122,0,1
304,16,0.0014341380447149277,140804096,0.4798444453220899,0,1
304,32,0.0027568789664655924,239894528,0.9092509064035151,0,1
304,64,0.005100446054711938,441155584,1.654551910428775,0,1
304,128,0.009677663911134005,843808768,3.120754022215493,0,1
304,256,0.018508675042539835,1647542272,6.61498051972975,0,1
304,139,0.013249205192551017,912271360,4.562390430742831,0,1
304,133,0.012709241826087236,875174912,4.527543325296244,0,1
304,111,0.010731023037806153,736897024,3.6707976120620414,0,1
320,1,0.00024117901921272278,44679168,0.07878433139728044,0,1
320,2,0.0003413350787013769,51642368,0.11237672273895112,0,1
320,4,0.00057168398052454,66158592,0.1935072828366379,0,1
320,8,0.000924678985029459,94470144,0.30660479360264303,0,1
320,16,0.001464401837438345,150175744,0.4894084877864542,0,1
320,32,0.002792599843814969,262111232,0.9204033759899057,0,1
320,64,0.005460173124447465,484409344,1.7661019886122085,0,1
320,128,0.010534245055168867,929005568,3.4462008560368456,0,1
320,256,0.02122219605371356,1820295168,7.279884177471977,0,1
320,139,0.011498216772451997,1006452736,4.06899521706321,0,1
320,133,0.011352752102538943,964657152,3.9281120907305738,0,1
320,111,0.009514999110251665,811220992,3.313374324938282,0,1
80,1,0.00020696409046649933,38151168,0.06478652630974963,0,1
80,2,0.00022492907010018826,38586368,0.06945069239369,0,1
80,4,0.00022557401098310947,39456768,0.06867075990995562,0,1
80,8,0.00023025204427540302,41197568,0.07182432792733677,0,1
80,16,0.0002497320529073477,44679168,0.07915517630047081,0,1
80,32,0.00035315495915710926,51642368,0.11404324824269861,0,1
80,64,0.0006247658748179674,66158592,0.20748377219951628,0,1
80,128,0.0008294251747429371,138715136,0.261461758826182,0,1
80,256,0.001347856828942895,240558080,0.42604144789640447,0,1
80,139,0.0009157911408692598,148643840,0.27823363594340417,0,1
80,133,0.0008866549469530582,142652416,0.2714312342244243,0,1
80,111,0.0007917401380836964,126204928,0.24213812820376324,0,1
208,1,0.00021140091121196747,40657920,0.05922050713222812,0,1
208,2,0.0002482850104570389,43599872,0.07163415538316423,0,1
208,4,0.00033685402013361454,49483776,0.09785899635150351,0,1
208,8,0.0004826828371733427,61865984,0.14330372946844858,0,1
208,16,0.0007495228201150894,149348352,0.21473649581568316,0,1
208,32,0.0012396208476275206,193331200,0.3608086359304037,0,1
208,64,0.0022945720702409744,277258240,0.6577293269003911,0,1
208,128,0.004266469040885568,514760704,1.2205546394144398,0,1
208,256,0.007883516838774085,991338496,2.3050098139650865,0,1
208,139,0.0047699089627712965,555402240,1.506632582498164,0,1
208,133,0.004673518007621169,533176320,1.6225525113530883,0,1
208,111,0.004156916867941618,452529152,1.4169978718538767,0,1
