M,C,P,K,rel_err
3,8,3,8,0.09007414430379868
3,12,6,8,0.09508636593818665
3,7,2,9,0.09139633178710938
3,11,5,9,0.08211402595043182
3,15,8,9,0.09040550887584686
3,6,1,10,0.25630268454551697
3,10,4,10,0.07342842221260071
3,14,7,10,0.08126446604728699
3,9,3,11,0.06900126487016678
3,13,6,11,0.07020557671785355
3,8,2,12,0.0708189606666565
3,12,5,12,0.06313115358352661
3,16,8,12,0.06954662501811981
3,7,1,13,0.27443328499794006
3,11,4,13,0.058639995753765106
3,15,7,13,0.06285011023283005
3,10,3,14,0.05785870552062988
3,14,6,14,0.05719905346632004
3,9,2,15,0.06396611779928207
3,13,5,15,0.05613702908158302
3,17,8,15,0.057856135070323944
3,8,1,16,0.28939753770828247
3,12,4,16,0.050219517201185226
3,16,7,16,0.05275214836001396
4,4,1,8,0.19520606100559235
4,5,2,8,0.03418346866965294
4,6,3,8,0.02707897126674652
4,7,4,8,0.024968717247247696
4,8,5,8,0.02491147257387638
4,9,6,8,0.024093905463814735
4,10,7,8,0.024181121960282326
4,11,8,8,0.024947000667452812
4,5,1,12,0.23211409151554108
4,6,2,12,0.02471150830388069
4,7,3,12,0.01860222779214382
4,8,4,12,0.017167454585433006
4,9,5,12,0.0165962353348732
4,10,6,12,0.01643930934369564
4,11,7,12,0.016422213986516
4,12,8,12,0.01687118597328663
4,6,1,16,0.25616347789764404
4,7,2,16,0.024448757991194725
4,8,3,16,0.01499644760042429
4,9,4,16,0.013578133657574654
4,10,5,16,0.01304128859192133
4,11,6,16,0.012917871586978436
4,12,7,16,0.013016002252697945
4,13,8,16,0.01330470759421587
